{"totale": 6.9463348388671875, "x": 0.1561332792043686, "y": 0.1741996748605743, "pr": 0.020393604362342447, "recall": 1.0, "_timestamp": 1686588326.3217568, "_runtime": 9084.974542856216, "_step": 2246, "_wandb": {"runtime": 9087}}