{"totale": 5.3525872230529785, "x": 0.30225077643990517, "y": 0.08547019213438034, "pr": 0.0014217978914544207, "recall": 1.0, "_timestamp": 1686595713.2789574, "_runtime": 1140.0138063430786, "_step": 277, "_wandb": {"runtime": 1141}}