{"totale": 6.138322353363037, "x": 0.37363911303691566, "y": 0.10900687507819384, "pr": 0.0008869001464700522, "recall": 1.0, "_timestamp": 1686579183.8604736, "_runtime": 294.1044385433197, "_step": 66}