{"totale": 17.88361358642578, "x": 0.16434083599597216, "y": 0.11421046359464526, "pr": 0.00012288226490241957, "recall": 0.6666666666666666, "_timestamp": 1686595811.2623231, "_runtime": 76.55703020095825, "_step": 17, "_wandb": {"runtime": 77}}