{"totale": 7.4880499839782715, "x": 0.18372394144535065, "y": 0.2405646312108729, "pr": 0.00374161877394636, "recall": 0.6666666666666666, "_timestamp": 1686604814.2458646, "_runtime": 8986.50934267044, "_step": 2246, "_wandb": {"runtime": 8988}}